"","Postal.Code","Longitude","Latitude"
"1",43,103.9654119,1.333601586
"2",18906,103.8495764,1.275829192
"3",18936,103.8528517,1.27790635
"4",18940,103.8562864,1.28011453
"5",18953,103.8646566,1.284588589
"6",18956,103.8585622,1.282574527
"7",18960,103.851256,1.278941486
"8",18961,103.8509574,1.278363046
"9",18981,103.8541884,1.27998145
"10",18982,103.8544746,1.279147688
"11",18983,103.8537868,1.279439979
"12",18987,103.8526586,1.280769435
"13",18988,103.8631,1.270291
"14",18989,103.8525341,1.28232407
"15",38981,103.8555667,1.290205011
"16",38983,103.8585526,1.295711525
"17",39594,103.857027,1.291573957
"18",39596,103.859344,1.292965041
"19",39803,103.8634126,1.289678176
"20",48423,103.8468829,1.283554261
"21",48424,103.8490237,1.28240746
"22",48583,103.8518987,1.281181788
"23",48619,103.8508488,1.282887374
"24",48622,103.8520088,1.28421478
"25",48623,103.8521043,1.284694785
"26",48624,103.8505675,1.285406568
"27",48659,103.8476663,1.284823401
"28",48942,103.8506189,1.284294238
"29",48946,103.8500838,1.281858036
"30",48948,103.850006,1.283900065
"31",49145,103.8478079,1.285658545
"32",49178,103.8530435,1.286130613
"33",49315,103.8518425,1.283321449
"34",49319,103.8526923,1.284689283
"35",49320,103.8528007,1.285080967
"36",49480,103.8483842,1.284286495
"37",49481,103.8491007,1.283629864
"38",49513,103.8491028,1.28503445
"39",49561,103.8478748,1.283476311
"40",49712,103.8498877,1.282797096
"41",49909,103.8517641,1.285466339
"42",50335,103.8432994,1.28195514
"43",58282,103.8441676,1.289292505
"44",58289,103.8462903,1.285639142
"45",59763,103.8451537,1.287150616
"46",59817,103.8467974,1.288873799
"47",68807,103.849797,1.279277195
"48",68808,103.8495652,1.277717071
"49",68896,103.848429,1.277752584
"50",68897,103.8480558,1.27714403
"51",68906,103.848419,1.278706085
"52",68912,103.8475727,1.277630733
"53",68914,103.8478546,1.27812791
"54",69118,103.8452272,1.279691774
"55",69472,103.8465188,1.282926808
"56",69534,103.8491957,1.280549752
"57",69547,103.8472922,1.278843463
"58",78877,103.8444963,1.275169975
"59",78881,103.8456183,1.276799928
"60",78884,103.8451554,1.276724927
"61",79027,103.8435524,1.274934748
"62",79212,103.8494728,1.274649688
"63",79717,103.8443196,1.274617941
"64",79718,103.8447416,1.274643978
"65",79908,103.8450602,1.273687777
"66",79911,103.8444264,1.273879591
"67",79912,103.8456469,1.275369022
"68",80001,103.8410541,1.276977381
"69",80010,103.8392166,1.274458074
"70",80334,103.842387852779,1.28170692159683
"71",82001,103.8426834,1.275570062
"72",82006,103.8389082,1.276184436
"73",88660,103.8368322,1.275271152
"74",88702,103.833200633526,1.27320444619334
"75",89057,103.8428711,1.273110871
"76",89065,103.8367524,1.271877828
"77",89066,103.8406001,1.273158244
"78",89763,103.841262,1.273425045
"79",89970,103.8421966,1.278684577
"80",90012,103.819467668237,1.27683918285987
"81",90032,103.8213992,1.273451485
"82",90039,103.8232074,1.27240639
"83",90111,103.8270043,1.274091691
"84",91003,103.817578169242,1.27904423968572
"85",91016,103.821124298244,1.27754477232218
"86",91023,103.820689635219,1.27574305818463
"87",98012,103.8164541,1.264890108
"88",98269,103.8202848,1.254989094
"89",98297,103.8244471,1.249454464
"90",98375,103.842183,1.247069979
"91",98497,103.8383448,1.246598575
"92",98499,103.818869,1.265812808
"93",98537,103.839555,1.247150405
"94",98585,103.8224761,1.264344587
"95",98604,103.8186158,1.251595403
"96",98632,103.8182907,1.264842838
"97",98633,103.8191393,1.264778069
"98",98803,103.8169097,1.277696369
"99",98857,103.8128439,1.270582568
"100",99114,103.819248,1.266568132
"101",100057,103.81301980698,1.27481485722614
"102",100070,103.8108358,1.27626612
"103",100079,103.806984271551,1.27313561725331
"104",100080,103.806901321906,1.27379625405021
"105",100090,103.8067613,1.276480759
"106",100105,103.8123659,1.280870652
"107",100110,103.809477383169,1.28133188255593
"108",101052,103.811111374753,1.27333300146065
"109",101057,103.811751539665,1.27499850707926
"110",101073,103.809223320155,1.27530436512936
"111",101078,103.8089728,1.273374336
"112",101088,103.807767086756,1.2772968603551
"113",103104,103.8115435,1.280513156
"114",103112,103.8078531,1.281299376
"115",109683,103.808609,1.282658781
"116",117353,103.7924318,1.274030678
"117",117371,103.8000399,1.276178597
"118",117406,103.7835121,1.285889314
"119",117411,103.7720579,1.299894205
"120",117438,103.7989859,1.274574252
"121",117512,103.7824213,1.285976264
"122",117525,103.784086,1.286551096
"123",117528,103.7783266,1.289454192
"124",117610,103.7828358,1.288743386
"125",117684,103.7795434,1.288501609
"126",117867,103.7804923,1.283106718
"127",118222,103.784855,1.290761492
"128",118227,103.7872316,1.290521806
"129",118230,103.7889421,1.28918448
"130",118265,103.7867106,1.29207905
"131",118479,103.8011774,1.272210602
"132",118520,103.7961676,1.276202285
"133",118543,103.79162,1.275698793
"134",118719,103.7714261,1.289622809
"135",118807,103.768125,1.291597869
"136",119074,103.7837258,1.294835542
"137",119077,103.8341447,1.281217721
"138",119082,103.7846856,1.293512877
"139",119084,103.7824555,1.292775931
"140",119085,103.7833248,1.295843405
"141",119228,103.7834705,1.292348981
"142",119958,103.8020841,1.277281391
"143",119963,103.8013994,1.274148936
"144",119967,103.8007444,1.277785076
"145",119968,103.7994432,1.277389456
"146",120104,103.7689889,1.322351236
"147",120206,103.7633348,1.32115798
"148",120208,103.7620715,1.322361744
"149",120210,103.763053698937,1.32241472367259
"150",120311,103.7651093,1.31935456
"151",120312,103.7639857,1.319049412
"152",120331,103.767691165502,1.31448811391311
"153",120334,103.7676912,1.314488114
"154",120346,103.7703123,1.317649249
"155",120374,103.7669837,1.319126186
"156",120427,103.764187,1.311756081
"157",120440,103.7640464,1.316254186
"158",120442,103.763896569583,1.31385772949926
"159",120463,103.7678806,1.310928216
"160",120501,103.7591849,1.311360936
"161",120504,103.7592318,1.312614612
"162",120507,103.7614211,1.311458097
"163",120510,103.7605991,1.310563194
"164",120602,103.7668576,1.304559438
"165",120703,103.760936270154,1.30701031530639
"166",120708,103.7614392,1.305612302
"167",120717,103.7625268,1.302806668
"168",120727,103.7639717,1.303538317
"169",120728,103.7635574,1.305309675
"170",121309,103.766179840158,1.32056337141105
"171",121318,103.7651855,1.317392375
"172",121416,103.770131034559,1.30981358763305
"173",121455,103.7665267,1.311661194
"174",121462,103.765650777195,1.31150425544153
"175",126844,103.7633016,1.297549243
"176",126887,103.7650871,1.294030791
"177",126979,103.7621,1.292559
"178",127371,103.7661313,1.30369749
"179",128466,103.7592759,1.305564229
"180",128477,103.7574918,1.307186103
"181",129588,103.7640729,1.314744665
"182",130028,103.7816745,1.304738893
"183",131002,103.783666774324,1.30284868402082
"184",131019,103.7844633,1.307343527
"185",138498,103.7929073,1.291828565
"186",138522,103.788101,1.299862514
"187",138538,103.7910301,1.297545047
"188",138563,103.7947059,1.292371742
"189",138564,103.7928145,1.295057318
"190",138565,103.7931031,1.293791988
"191",138568,103.7912633,1.300785497
"192",138577,103.7894043,1.299941797
"193",138588,103.7912375,1.306245568
"194",138602,103.7740329,1.303996549
"195",138617,103.7884627,1.306815007
"196",138628,103.7901156,1.298064293
"197",138632,103.7876409,1.299598572
"198",138634,103.7886979,1.298426183
"199",138665,103.7935452,1.302173852
"200",138667,103.7917213,1.304480538
"201",138668,103.7917927,1.303816151
"202",139212,103.7879054,1.304621933
"203",139651,103.7809355,1.309243306
"204",139654,103.7751605,1.303020173
"205",139658,103.7745868,1.309646033
"206",140023,103.7995693,1.294206414
"207",140117,103.8003917,1.306253309
"208",140118,103.8005433,1.307172812
"209",141043,103.801754422444,1.2983325731435
"210",141061,103.8110073,1.293966567
"211",141082,103.8092236,1.294345239
"212",141083,103.808064,1.294940134
"213",141085,103.8096169,1.295306795
"214",141088,103.7982057,1.301821057
"215",141129,103.814400630046,1.29248301199208
"216",141161,103.8035302,1.29203197
"217",141171,103.8037024,1.2898291
"218",142007,103.7950498,1.306246135
"219",142031,103.803537618992,1.29845599096421
"220",142054,103.7967914,1.301636409
"221",142060,103.8118775,1.292563549
"222",142078,103.810144507776,1.29422542784565
"223",142095,103.811934159724,1.29607321736465
"224",143053,103.807582225673,1.29332243274382
"225",143056,103.8099398,1.292850191
"226",143089,103.811989733077,1.29518674501814
"227",144037,103.805330993,1.29789474296104
"228",149066,103.8021651,1.304678941
"229",149596,103.7987539,1.30552382
"230",149740,103.8065158,1.295463429
"231",150061,103.813764499017,1.28953339055007
"232",150064,103.8152203,1.289334048
"233",150073,103.8172732,1.287915777
"234",150096,103.8213559,1.287520865
"235",150118,103.8211938,1.283707366
"236",150119,103.816575,1.28244913
"237",150124,103.8032153,1.285582555
"238",150163,103.8170992126,1.28363470609251
"239",151028,103.8099531,1.286850768
"240",151035,103.8089551,1.287667284
"241",151037,103.8103277,1.289358727
"242",151057,103.8140698,1.288095999
"243",151070,103.8169073,1.287008244
"244",151088,103.818577605194,1.286463927483
"245",151104,103.821559940018,1.2890460476816
"246",151121,103.822782855841,1.28347091305665
"247",151129,103.8233757,1.283492803
"248",152002,103.8067014,1.286928026
"249",152028,103.8095715,1.286302696
"250",159102,103.8103179,1.290420399
"251",159303,103.8108506,1.285052813
"252",159345,103.8085463,1.284964651
"253",159545,103.8204116,1.282393511
"254",159546,103.8212892,1.281547978
"255",159936,103.8103528,1.291654312
"256",159942,103.8072765,1.289460256
"257",159950,103.8068551,1.290669962
"258",159964,103.7999739,1.288598041
"259",159971,103.8052834,1.287283209
"260",160003,103.827409,1.291993773
"261",160062,103.8329724,1.283876807
"262",160081,103.8326449,1.28262121
"263",160096,103.8324652,1.2885117
"264",160126,103.8294614,1.282529097
"265",160127,103.829243442409,1.28185645216714
"266",160150,103.8307877,1.277371664
"267",161004,103.827409,1.291993773
"268",161011,103.8286983,1.28631122
"269",161026,103.8255985,1.282596291
"270",161051,103.8277184,1.289869482
"271",161117,103.8270175,1.281934892
"272",161119,103.8272973,1.281481446
"273",161134,103.82718857877,1.27926297086306
"274",162011,103.8378867,1.286500625
"275",162120,103.827476166039,1.2834464796053
"276",164078,103.827923223211,1.29122535077389
"277",165002,103.8332897,1.286783924
"278",165018,103.826795600075,1.28513514427867
"279",166008,103.829641012372,1.28696308219404
"280",167008,103.8389732,1.287256848
"281",168582,103.8355037,1.277557411
"282",168583,103.8378252,1.281168232
"283",168732,103.8270153,1.286458895
"284",168751,103.8360719,1.280878452
"285",169056,103.8347715,1.285435393
"286",169608,103.8340431,1.278428733
"287",169609,103.8361194,1.278580602
"288",169632,103.8366578,1.28825972
"289",169633,103.83616,1.287692856
"290",169637,103.8324148,1.289846869
"291",169662,103.8356818,1.289630647
"292",169664,103.835148,1.290281934
"293",169851,103.8348706,1.281783413
"294",178957,103.851708,1.290655338
"295",179024,103.8467284,1.290313946
"296",179097,103.8502825,1.291372584
"297",179103,103.8527683,1.293760281
"298",179105,103.8499898,1.291347597
"299",179682,103.8537433,1.292068957
"300",179809,103.8502169,1.292650807
"301",179949,103.8506608,1.293706169
"302",180231,103.8536632,1.296580028
"303",180261,103.851937756299,1.29880829368048
"304",180270,103.854118,1.301063272
"305",187940,103.8515554,1.302855135
"306",188024,103.8559236,1.299816399
"307",188067,103.8542423,1.29960369
"308",188425,103.8544972,1.301512586
"309",188720,103.8532456,1.296042084
"310",188770,103.8572437,1.301143298
"311",188947,103.8560483,1.297692737
"312",188979,103.8522866,1.300422419
"313",189352,103.8578595,1.29916296
"314",189649,103.8527002,1.302243271
"315",189655,103.8514658,1.299874147
"316",189656,103.8519602,1.301299759
"317",189673,103.8540683,1.295097408
"318",189685,103.8560267,1.296580533
"319",189720,103.8589083,1.298355794
"320",189767,103.8555261,1.294030105
"321",189770,103.8573688,1.296356664
"322",189773,103.8579794,1.297292099
"323",190004,103.8656582,1.30468354
"324",190007,103.863437208667,1.30435203072103
"325",190467,103.8623393,1.30553398
"326",199020,103.8603957,1.305773908
"327",199555,103.8627016,1.301074776
"328",199592,103.8602329,1.299433969
"329",200026,103.8567933,1.305783783
"330",200031,103.8568008,1.306267001
"331",200635,103.854698193613,1.30624974548364
"332",200814,103.8618542,1.30716702
"333",207851,103.8577639,1.313802861
"334",207876,103.8585039,1.311192191
"335",208533,103.8556647,1.310516817
"336",208539,103.8567241,1.311351699
"337",208767,103.8627364,1.307830101
"338",210009,103.852041216531,1.31363383389436
"339",210043,103.8509356,1.315984621
"340",210049,103.8506799,1.313250655
"341",210671,103.8525143,1.308916692
"342",210678,103.855321953109,1.31261295749072
"343",210685,103.856841,1.31445037
"344",211014,103.8520472,1.311679344
"345",217562,103.8539295,1.312473265
"346",217664,103.8561848,1.315740301
"347",218227,103.8514388,1.305122222
"348",219097,103.8530223,1.310497268
"349",228208,103.8319802,1.306185947
"350",228210,103.8321282,1.306547047
"351",228213,103.8337929,1.307176981
"352",228230,103.8364621,1.311950535
"353",228461,103.8472866,1.300369378
"354",228463,103.8459566,1.300964835
"355",228705,103.8475647,1.305853676
"356",228714,103.8475647,1.305853676
"357",229469,103.8401561,1.3028537
"358",229540,103.8298953,1.307399045
"359",229573,103.83263,1.308343806
"360",229619,103.8407592,1.304247087
"361",229627,103.8426106,1.309243391
"362",229664,103.8368599,1.306356659
"363",229846,103.8431747,1.311305266
"364",229899,103.8466501,1.310448532
"365",229924,103.8368128,1.304250532
"366",237994,103.8317579,1.293802351
"367",238163,103.8379089,1.300886517
"368",238164,103.8374202,1.300286776
"369",238274,103.8422501,1.292731987
"370",238360,103.8408732,1.296196537
"371",238459,103.8452782,1.297839483
"372",238549,103.8300709,1.300087543
"373",238801,103.8320323,1.303979741
"374",238843,103.839759,1.301978369
"375",238855,103.8373672,1.302651601
"376",238858,103.8394428,1.300443253
"377",238859,103.8352666,1.303710847
"378",238871,103.829588,1.306654845
"379",238872,103.8346761,1.302424172
"380",238877,103.833201,1.30370452
"381",238879,103.8285904,1.307622826
"382",238881,103.8307279,1.30510759
"383",238890,103.8454663,1.299475305
"384",238895,103.8383607,1.301014364
"385",238896,103.8394347,1.300838908
"386",238904,103.8313471,1.306344306
"387",238910,103.8391513,1.290802539
"388",238972,103.8409639,1.292387618
"389",239191,103.8332219,1.297327602
"390",239224,103.8321903,1.298379943
"391",239225,103.8327038,1.298473629
"392",239693,103.8373592,1.301398802
"393",239917,103.8427029,1.29216191
"394",247913,103.8266023,1.305569894
"395",247933,103.8238835,1.304853421
"396",247980,103.8163679,1.298717725
"397",248466,103.8160576,1.300290136
"398",248649,103.8239072,1.303137582
"399",248994,103.825974,1.29334773
"400",249078,103.8227156,1.294094465
"401",249107,103.8247983,1.292543811
"402",249679,103.8101858,1.306792403
"403",249691,103.8287656,1.303919346
"404",249715,103.8249079,1.304651583
"405",257720,103.8191356,1.308472042
"406",257742,103.807475,1.31001689
"407",257814,103.8325005,1.309974638
"408",258117,103.8368773,1.314585889
"409",258423,103.8194958,1.311721261
"410",258500,103.819605,1.307427932
"411",258887,103.8069527,1.309350465
"412",258961,103.8119236,1.313425913
"413",259387,103.8320811,1.311056045
"414",259569,103.81318,1.313479419
"415",259715,103.8323402,1.317699237
"416",260004,103.808062,1.318832253
"417",261008,103.806210586409,1.3166948314211
"418",266313,103.8015569,1.3240326
"419",266744,103.8108844,1.321997596
"420",267616,103.7999362,1.3260125
"421",268846,103.8061074,1.314297615
"422",268850,103.8074441,1.315842642
"423",268852,103.8078737,1.314709942
"424",269257,103.7946181,1.319303049
"425",269733,103.8085449,1.324742002
"426",270024,103.7858206,1.308728312
"427",271005,103.7962384,1.308878937
"428",271018,103.7920156,1.311593204
"429",272002,103.7869257,1.312613639
"430",272008,103.7872643,1.310792647
"431",272013,103.7887246,1.309494181
"432",272016,103.78765231793,1.3096110710679
"433",272031,103.7843689,1.309354432
"434",273005,103.78822,1.312942442
"435",275748,103.7941455,1.311049168
"436",276544,103.7932459,1.327211786
"437",276697,103.7780899,1.316284589
"438",276955,103.7777994,1.31501746
"439",278116,103.7980424,1.312250058
"440",278737,103.8004688,1.308877689
"441",279871,103.7929908,1.331725212
"442",288303,103.8103033,1.341221633
"443",289629,103.7991101,1.330963742
"444",289758,103.7905372,1.345177885
"445",299551,103.8173375,1.323368139
"446",300001,103.8424599,1.324991365
"447",300069,103.8507431,1.31896257
"448",307512,103.8392562,1.32405248
"449",307591,103.8440031,1.31724363
"450",307672,103.8421664,1.324191511
"451",307683,103.8438506,1.319967484
"452",307955,103.8403548,1.315448385
"453",307987,103.8420629,1.319831573
"454",307991,103.8420836,1.317352833
"455",308184,103.848877,1.325132601
"456",308232,103.8488638,1.321619914
"457",308380,103.8427431,1.31710864
"458",308381,103.8427431,1.31710864
"459",308433,103.845694,1.321368649
"460",309436,103.833315,1.318831147
"461",309462,103.8458804,1.315681726
"462",309466,103.8462586,1.316446355
"463",309767,103.8403281,1.317959989
"464",309978,103.8481734,1.324586021
"465",310055,103.850833549681,1.33747939979042
"466",310141,103.8455971,1.335166644
"467",310146,103.8464514,1.334664095
"468",310148,103.8440423,1.334200937
"469",310168,103.8444876,1.33102242
"470",310177,103.8485933,1.333773022
"471",310181,103.8507445,1.332589321
"472",310190,103.8483207,1.332969428
"473",310206,103.8470823,1.342517413
"474",310213,103.8545392,1.341408653
"475",310216,103.8555524,1.342442066
"476",310238,103.8522587,1.34016499
"477",310260,103.8573979,1.33202292
"478",310265,103.8600139,1.331570326
"479",310480,103.8483353,1.332025489
"480",311003,103.8542126,1.339518206
"481",311010,103.8577935,1.337171643
"482",311011,103.859286,1.336635251
"483",311035,103.8546234,1.334889654
"484",311060,103.8511336,1.33650366
"485",311120,103.8459218,1.339849706
"486",311156,103.8452408,1.333054807
"487",311161,103.8449112,1.330208075
"488",311171,103.8422339,1.330749004
"489",311194,103.8585718,1.330976904
"490",311227,103.8580037,1.339014103
"491",311233,103.8589232,1.338225876
"492",311261,103.8557184,1.333726214
"493",312078,103.8485785,1.334893016
"494",312084,103.8482415,1.336179632
"495",312101,103.8470872,1.339270204
"496",313081,103.8493461,1.335754157
"497",313084,103.8473399,1.335818685
"498",319387,103.8544044,1.329807341
"499",319457,103.8523682,1.333119944
"500",319516,103.8519609,1.333058688
"501",320003,103.8610063,1.323228034
"502",320011,103.8631036,1.323307854
"503",320014,103.8619179,1.3240942
"504",320021,103.8599835,1.325955651
"505",320026,103.8628371,1.322034688
"506",320062,103.857592887386,1.32834641915005
"507",320077,103.8545583,1.325160011
"508",320090,103.8545043,1.323018539
"509",320092,103.853535763071,1.32303882528804
"510",320111,103.8592002,1.322029473
"511",320116,103.8611934,1.327783114
"512",320122,103.8563684,1.318049689
"513",320123,103.8563684,1.318049689
"514",321022,103.8621767,1.325147
"515",321032,103.8576839,1.32597406
"516",321078,103.855402,1.324373897
"517",321085,103.856074033682,1.32273032442989
"518",321102,103.851553703748,1.32854680983719
"519",321103,103.8530706,1.327687747
"520",321113,103.8598354,1.321042155
"521",322019,103.8594859,1.327543828
"522",322106,103.8611096,1.319730403
"523",322108,103.8594305,1.320540215
"524",323104,103.853244212117,1.32077003284102
"525",328107,103.8462225,1.324497216
"526",328457,103.8663494,1.326434124
"527",329779,103.8517228,1.324719843
"528",329783,103.8509958,1.325253018
"529",329901,103.8427303,1.326902132
"530",329926,103.8525197,1.320051873
"531",329984,103.8464909,1.327029916
"532",330010,103.8609587,1.31550644
"533",330022,103.861586647034,1.31910620017683
"534",330023,103.862910171515,1.31766412026225
"535",330034,103.863722,1.320582681
"536",330039,103.8661729,1.320747202
"537",330057,103.868900292234,1.32357360389608
"538",330066,103.8700619,1.320557705
"539",330073,103.870683,1.323129961
"540",330094,103.870683,1.323129961
"541",331006,103.861368095199,1.31727630326976
"542",331049,103.866442594153,1.323749477342
"543",331060,103.8686337,1.322772391
"544",331065,103.8691246,1.320239288
"545",333008,103.8610276,1.316516433
"546",338710,103.8627647,1.309994181
"547",338729,103.8633751,1.311587913
"548",339339,103.8655337,1.315737106
"549",339407,103.8628994,1.312146039
"550",339417,103.8673714,1.310212086
"551",339511,103.8643264,1.309711207
"552",339779,103.8651631,1.315345862
"553",339914,103.862146,1.314388775
"554",339940,103.862537,1.316257402
"555",339949,103.8631092,1.316915785
"556",340101,103.8713218,1.336271593
"557",340106,103.870827,1.333695408
"558",340109,103.8726349,1.334339654
"559",340113,103.8729485,1.335259256
"560",340117,103.8732552,1.336904573
"561",348584,103.8777586,1.331182559
"562",348741,103.87258,1.32827
"563",349281,103.8744848,1.323466982
"564",349324,103.8789553,1.327220432
"565",349584,103.8773278,1.324582771
"566",350102,103.869213959655,1.33400490206807
"567",350117,103.86322285845,1.33631310151853
"568",350137,103.8658445,1.333601983
"569",350145,103.8660601,1.332194678
"570",359914,103.8645579,1.344583529
"571",360003,103.8792288,1.33369096
"572",360013,103.8811821,1.336513363
"573",360020,103.8806279,1.334654435
"574",360201,103.8721855,1.340253487
"575",360206,103.8721367,1.341820721
"576",360207,103.871472,1.341761742
"577",360212,103.8759162,1.343128345
"578",360213,103.8728673,1.343029244
"579",361002,103.8792136,1.334497809
"580",367859,103.8790064,1.332365503
"581",367901,103.881581,1.334955931
"582",368324,103.8837204,1.335006663
"583",369677,103.8867912,1.334950552
"584",369683,103.88701,1.33452
"585",370017,103.888575,1.329791728
"586",370037,103.886672299336,1.32843116708984
"587",370044,103.885915,1.327281852
"588",370056,103.8881777,1.324225444
"589",370064,103.8874767,1.327153049
"590",370082,103.8900962,1.324304048
"591",370091,103.8864364,1.323074781
"592",371028,103.887063625057,1.33045510029061
"593",371066,103.8880186,1.326266278
"594",372052,103.886094249665,1.32433968750611
"595",379497,103.8854866,1.329329657
"596",380005,103.8726214,1.312641664
"597",380008,103.870389,1.31310842
"598",380046,103.8792476,1.317329964
"599",380052,103.8803281,1.316900139
"600",380063,103.879448766348,1.31638569035146
"601",380098,103.8863088,1.320962409
"602",380104,103.8834378,1.319887489
"603",380109,103.884427961533,1.31972148152584
"604",380118,103.8876027,1.320036814
"605",380119,103.8862991,1.31975879
"606",380122,103.8848394,1.317945422
"607",380134,103.88756528217,1.31654978026759
"608",381013,103.870875870995,1.31481023496255
"609",381052,103.8802418,1.316578348
"610",381115,103.873341970895,1.31139258403352
"611",381122,103.882792969479,1.32231287123776
"612",382114,103.8744514,1.312460212
"613",387311,103.8723879,1.315691111
"614",387388,103.8806159,1.319267105
"615",388038,103.8868924,1.314971455
"616",388410,103.8813369,1.318262246
"617",389266,103.8755825,1.311982379
"618",389753,103.8873633,1.317500992
"619",389835,103.8793841,1.324908431
"620",390037,103.885549091762,1.30999695429525
"621",390054,103.8845028,1.310594957
"622",390058,103.888601,1.30706552
"623",390091,103.888114854938,1.30946902895343
"624",391049,103.8853628,1.308492553
"625",391093,103.8877371,1.30877082
"626",392011,103.8829465,1.308503978
"627",392056,103.8839461,1.310112141
"628",397628,103.8731497,1.303075152
"629",397632,103.8726771,1.305174793
"630",398007,103.8812708,1.307465187
"631",399849,103.8915005,1.314191298
"632",400008,103.9044758,1.321156734
"633",400010,103.9026652,1.322033489
"634",400012,103.9044421,1.322615728
"635",400039,103.9006497,1.319815755
"636",400316,103.9030838,1.329495355
"637",400326,103.9043452,1.32767355
"638",400347,103.900051359044,1.32555472197347
"639",400355,103.899091842126,1.32721806403965
"640",400357,103.89874827478,1.3290378028072
"641",400413,103.8983797,1.318846467
"642",400845,103.8952293,1.316890182
"643",401031,103.9016271,1.319997628
"644",402002,103.898340096614,1.31720671424654
"645",408528,103.8969417,1.316494434
"646",408543,103.8961342,1.332235347
"647",408564,103.8961307,1.32627524
"648",408600,103.8947228,1.318982204
"649",408601,103.8923447,1.319698146
"650",408621,103.8993508,1.330533955
"651",408662,103.8958487,1.328901828
"652",408729,103.8902812,1.332515473
"653",408825,103.896204,1.334387956
"654",408830,103.8917936,1.333512395
"655",408832,103.8923036,1.332884629
"656",408868,103.8941077,1.332929703
"657",408898,103.9012483,1.331550384
"658",408934,103.8966013,1.325408139
"659",408942,103.8927273,1.324349807
"660",409008,103.8916491,1.32175499
"661",409015,103.8910705,1.327253937
"662",409030,103.8901693,1.329871127
"663",409037,103.8888987,1.331765464
"664",409051,103.8925808,1.31881487
"665",409057,103.8928367,1.317561159
"666",410103,103.9104926,1.325035931
"667",410112,103.910873694598,1.32390817417409
"668",410114,103.9115057,1.323318149
"669",411145,103.9114101,1.334021142
"670",411637,103.9043396,1.330548155
"671",411649,103.9063948,1.332015772
"672",411671,103.9090553,1.332846853
"673",415867,103.9067383,1.327821237
"674",415874,103.9065669,1.338520799
"675",415875,103.9065669,1.338520799
"676",415934,103.9026758,1.332765271
"677",415936,103.9016914,1.334049416
"678",415941,103.9095796,1.336462866
"679",415978,103.9026167,1.337233814
"680",416087,103.904941,1.336766387
"681",416095,103.9032749,1.336660504
"682",416225,103.9039594,1.334745193
"683",417818,103.9056394,1.335607178
"684",417840,103.897787,1.337095542
"685",417883,103.9124145,1.341364875
"686",417921,103.9007013,1.337359467
"687",418946,103.9120961,1.32029613
"688",419709,103.8989898,1.316916263
"689",419714,103.9001323,1.316352676
"690",419734,103.9035606,1.316919152
"691",419883,103.9129687,1.31881147
"692",423484,103.9144449,1.314630664
"693",423586,103.9008128,1.312860112
"694",423870,103.9120172,1.309541234
"695",423936,103.9100624,1.306440823
"696",425141,103.9092582,1.309619017
"697",425342,103.9122689,1.310645001
"698",425669,103.9097446,1.312873467
"699",425767,103.9147562,1.313370052
"700",425792,103.9070397,1.313569722
"701",427593,103.903426,1.308931279
"702",428802,103.9050461,1.305206536
"703",428932,103.9079888,1.308361647
"704",429069,103.9147634,1.310206048
"705",429099,103.9094817,1.308750898
"706",429665,103.9007757,1.308036473
"707",430005,103.8970287,1.312632457
"708",430008,103.8963877,1.313980131
"709",430012,103.8960014,1.314692406
"710",430022,103.8950993,1.313018646
"711",431008,103.8827866,1.302401825
"712",431012,103.8842884,1.30052504
"713",436914,103.8743045,1.296624037
"714",436931,103.8724504,1.296704889
"715",437157,103.894738,1.314618499
"716",437161,103.8934892,1.315971911
"717",438051,103.8885176,1.29877526
"718",438646,103.8963067,1.311693082
"719",438791,103.8982922,1.306564714
"720",439241,103.900998,1.30979958
"721",439870,103.9005847,1.299294742
"722",440051,103.9161652,1.306109647
"723",440059,103.9146888,1.305581278
"724",440082,103.906950687308,1.30254517580666
"725",441012,103.9153408,1.304357296
"726",441016,103.9141972,1.303996614
"727",441035,103.9128796,1.303636521
"728",441047,103.9124784,1.305448024
"729",441065,103.9099136,1.302966984
"730",441077,103.9082862,1.302298274
"731",448908,103.9234818,1.307406404
"732",449269,103.9052818,1.301152599
"733",449875,103.9067306,1.298925935
"734",449876,103.9129113,1.301433289
"735",449880,103.9240215,1.304422417
"736",449893,103.918051,1.302270783
"737",456933,103.9190915,1.317729513
"738",460010,103.936922029979,1.3225048596874
"739",460052,103.921634,1.329095861
"740",460053,103.921634,1.329095861
"741",460069,103.9434204,1.319799714
"742",460080,103.9410465,1.328177963
"743",460094,103.941970736194,1.33342618363755
"744",460100,103.9380381,1.334117747
"745",460108,103.935571078293,1.33254478953244
"746",460125,103.9388502,1.328501234
"747",460137,103.935176202663,1.32905809720399
"748",460154,103.946332427934,1.31788943839084
"749",460187,103.9406434,1.330687758
"750",460203,103.928276233077,1.32588149637945
"751",460219,103.9329516,1.32496629
"752",460222,103.9279467,1.32479212
"753",460403,103.9338152,1.330172709
"754",460408,103.93370774409,1.32902833089494
"755",460424,103.927878519613,1.32759836868302
"756",460425,103.9297638,1.329653217
"757",460427,103.929763771966,1.32965321685371
"758",460507,103.9327701,1.332549948
"759",460515,103.9291792,1.331303628
"760",460525,103.9298541,1.334415393
"761",460531,103.9275088,1.333971251
"762",460534,103.925429,1.331679984
"763",460542,103.9222478,1.330895915
"764",460544,103.9234212,1.330095928
"765",460548,103.9276034,1.331105187
"766",460550,103.926668207172,1.33218576654184
"767",460556,103.922911,1.332301405
"768",460805,103.9213875,1.325761538
"769",460807,103.9227613,1.327488075
"770",461013,103.936197348202,1.32054067377908
"771",461031,103.9234007,1.324822461
"772",461033,103.925687349719,1.32524620545283
"773",461037,103.9256873,1.325246205
"774",461043,103.9259951,1.327720116
"775",461114,103.9355693,1.330720263
"776",461116,103.9372655,1.330959179
"777",461134,103.9356734,1.328312294
"778",461513,103.929357438698,1.33226016581532
"779",462002,103.9339351,1.321697394
"780",462019,103.9341756,1.320421791
"781",462021,103.922271294732,1.32646901354951
"782",462030,103.9349426,1.323211124
"783",462034,103.9382986,1.322273039
"784",463029,103.9243004,1.324293889
"785",463035,103.939635126825,1.32253763051007
"786",463547,103.9257588189,1.32996693821595
"787",464094,103.94049034285,1.3329691187717
"788",465524,103.9456704,1.329742066
"789",466503,103.9413702,1.31622485
"790",466588,103.946192,1.316272921
"791",467169,103.9503076,1.321445179
"792",469026,103.9167231,1.329511912
"793",469572,103.9552145,1.320882494
"794",469662,103.9318062,1.326623886
"795",470123,103.9104691,1.3322139
"796",470137,103.91324610644,1.33366709981488
"797",470612,103.9163962,1.3321465
"798",470619,103.9178942,1.33390918
"799",470626,103.9151772,1.334251489
"800",470716,103.925961024054,1.33750887070866
"801",470724,103.9290566985,1.3372324410644
"802",470742,103.9226165,1.338153727
"803",470748,103.9219169,1.336079419
"804",471739,103.9233606,1.338268305
"805",473609,103.9119525,1.331637082
"806",473613,103.9176017,1.333070548
"807",479232,103.934392,1.33798267
"808",479246,103.9296547,1.337735553
"809",486025,103.9654119,1.333601586
"810",486029,103.9648061,1.332704393
"811",486032,103.9681139,1.338029536
"812",486035,103.9646286,1.337966401
"813",486036,103.9625765,1.333525821
"814",486038,103.9629176,1.334036379
"815",486047,103.9550508,1.334386914
"816",486051,103.9672542,1.336794707
"817",486056,103.9719569,1.336709176
"818",486067,103.9678702,1.344240105
"819",486070,103.9519506,1.334177223
"820",486121,103.9460455,1.337027014
"821",486127,103.9511263,1.333084901
"822",486132,103.9470128,1.3352942
"823",486150,103.9594031,1.33430414
"824",486162,103.9519255,1.331094153
"825",486350,103.947429,1.336750945
"826",486355,103.9585734,1.321762217
"827",486442,103.9555356,1.321542499
"828",486630,103.9668889,1.332140093
"829",486783,103.9696703,1.336275384
"830",486798,103.9707045,1.327576833
"831",486842,103.9638206,1.34477115
"832",488047,103.9626571,1.32397332
"833",489947,103.9488694,1.337781597
"834",489950,103.9445392,1.33763732
"835",498722,103.9796569,1.329225143
"836",498770,103.9729061,1.353169257
"837",498792,104.0012885,1.374998123
"838",498827,103.9656171,1.350923183
"839",499739,103.9696159,1.320199249
"840",506852,103.9655731,1.358230323
"841",506890,103.96775,1.354107306
"842",506892,103.9642818,1.356568115
"843",506931,103.9672385,1.365762941
"844",507003,103.9687656,1.356707444
"845",508503,103.986891,1.39095082
"846",508724,103.9730565,1.375955175
"847",508969,103.9677261,1.37153987
"848",509932,103.9817244,1.372868028
"849",510101,103.9579998,1.36733184
"850",510407,103.9545205,1.372934646
"851",510417,103.9545205,1.372934646
"852",510418,103.955117050351,1.37050826419333
"853",510468,103.9571828,1.373738956
"854",510484,103.9593903,1.37445762
"855",510526,103.947456,1.368041633
"856",510530,103.9494154,1.371196982
"857",511108,103.9554428,1.367274803
"858",511135,103.9568798,1.36475655
"859",511142,103.9597583,1.362838891
"860",511149,103.9627206,1.362358733
"861",511158,103.9616771,1.364160134
"862",511180,103.9601054,1.364708433
"863",511199,103.9595977,1.366473555
"864",511204,103.962473964563,1.36674642147396
"865",511220,103.961012850461,1.37007306561966
"866",511225,103.960933001682,1.37180034981674
"867",511231,103.9614427,1.374105919
"868",511235,103.962608,1.373770353
"869",511245,103.9634124,1.370820028
"870",511257,103.9632499,1.367557638
"871",511269,103.963457018404,1.3647932754079
"872",511272,103.9650289,1.364905493
"873",511458,103.9602559,1.37163599
"874",511521,103.9439927,1.373867573
"875",511561,103.9513153,1.36718518
"876",511564,103.9495037,1.368681755
"877",511578,103.946595969692,1.37396018889779
"878",511586,103.947766,1.374700109
"879",511614,103.942177186883,1.37574538399534
"880",511631,103.9400987,1.379306774
"881",511649,103.938711970245,1.37800060508488
"882",511700,103.9386414,1.380769512
"883",511710,103.9370705,1.382416559
"884",511718,103.9360195,1.381924788
"885",511736,103.9372425,1.378947581
"886",511744,103.93538366563,1.37794761326017
"887",511747,103.9340874,1.378837412
"888",511757,103.933136254465,1.37723637885708
"889",511762,103.9332995,1.375965618
"890",511773,103.9359049,1.374601955
"891",511782,103.938386988729,1.37322458688351
"892",518457,103.9497157,1.372449817
"893",519459,103.9597998,1.368898044
"894",519599,103.9551412,1.376698068
"895",519612,103.9485252,1.3734404
"896",519926,103.9438931,1.384596415
"897",519954,103.9433321,1.37992216
"898",520107,103.9513179,1.341109438
"899",520108,103.9519156,1.344011471
"900",520119,103.952026,1.344565357
"901",520129,103.953963988823,1.34574546165244
"902",520132,103.9562922,1.347429684
"903",520141,103.9554395,1.345775347
"904",520153,103.9570895,1.3450714
"905",520155,103.9592649,1.34517257
"906",520156,103.9592649,1.34517257
"907",520168,103.9588349,1.343013002
"908",520209,103.9532687,1.351983646
"909",520233,103.9564103,1.344028426
"910",520236,103.9473603,1.356214509
"911",520248,103.9535464,1.343593183
"912",520252,103.949098205839,1.35222092781116
"913",520259,103.9493984,1.354229234
"914",520267,103.9494156,1.351063981
"915",520269,103.9479787,1.351123536
"916",520274,103.950446506544,1.34894359580452
"917",520281,103.95232364471,1.34751617417389
"918",520294,103.9542377,1.348883331
"919",520416,103.9482135,1.35941422
"920",520420,103.947125,1.357537
"921",520434,103.9516421,1.36016774
"922",520475,103.9531551,1.360293334
"923",520487,103.957967543894,1.3603298279116
"924",520499,103.9563169,1.359200025
"925",520515,103.939073297793,1.35716298585214
"926",520518,103.9386072,1.356176844
"927",520519,103.940150466802,1.35671243170125
"928",520522,103.9384438,1.358546579
"929",520605,103.9363263,1.362119829
"930",520609,103.9362414,1.364048588
"931",520613,103.936236522733,1.36543174766756
"932",520618,103.939901469732,1.36166139902713
"933",520634,103.9401917,1.365971245
"934",520646,103.94298218411,1.36600467062097
"935",520647,103.941792,1.367337319
"936",520838,103.9353733,1.350712225
"937",520851,103.9352058,1.353066409
"938",520859,103.9380515,1.354686349
"939",520863,103.936898933868,1.35491246491064
"940",520887,103.9310009,1.350722444
"941",520890,103.9341414,1.347078274
"942",520902,103.9405362,1.35032103
"943",521107,103.9469426,1.347570958
"944",521138,103.9441901,1.346414231
"945",521150,103.943317,1.350826206
"946",521165,103.9457387,1.349023987
"947",521202,103.9509671,1.354028887
"948",521243,103.947279,1.354435326
"949",521245,103.947108,1.352670759
"950",521253,103.9481913,1.353005364
"951",521299,103.954242,1.350399
"952",521316,103.9572043,1.351500692
"953",521330,103.9590931,1.353345412
"954",521331,103.960255096658,1.35335364637941
"955",521340,103.9604738,1.351413327
"956",521354,103.9621811,1.354661486
"957",521359,103.96144236094,1.35541794839483
"958",521364,103.9593449,1.357342655
"959",521366,103.9610215,1.358142718
"960",521374,103.9591007,1.356357094
"961",521384,103.958524523388,1.35440037157986
"962",521390,103.957215520753,1.355830434
"963",521492,103.9540792,1.363108337
"964",521494,103.9521615,1.363095229
"965",521701,103.9366514,1.35687383
"966",521716,103.93665544861,1.35875185584681
"967",521727,103.9360719,1.356363667
"968",521730,103.9334329,1.35721981
"969",521742,103.9341393,1.359914848
"970",521823,103.9335075,1.348936975
"971",521827,103.9328764,1.350085921
"972",521842,103.9379871,1.351213155
"973",521856,103.938034919187,1.35239797131804
"974",521873,103.930705831086,1.35487904034801
"975",521875,103.9299226,1.353529262
"976",521921,103.9414185,1.347530102
"977",522864,103.9351144,1.354908408
"978",522870,103.9311298,1.35644522
"979",522891,103.9305717,1.349150151
"980",523869,103.933003,1.355347417
"981",523879,103.9287561,1.351182904
"982",524496,103.950565,1.361262783
"983",526494,103.9530237,1.363979776
"984",528523,103.940598,1.352180469
"985",528537,103.9297193,1.35552153
"986",528553,103.9317925,1.365318401
"987",528605,103.929043,1.375975562
"988",528704,103.9312919,1.358091944
"989",528735,103.9414927,1.355861625
"990",528882,103.9417012,1.344711073
"991",529398,103.950231132901,1.3557548071635
"992",529509,103.9438123,1.352368296
"993",529510,103.9446988,1.352527373
"994",529536,103.9451412,1.354323212
"995",529540,103.9429421,1.352643479
"996",529541,103.9426883,1.353166374
"997",529542,103.9422024,1.35451927
"998",529619,103.9590066,1.357557092
"999",529680,103.9424013,1.352215794
"1000",529731,103.9477044,1.349228763
"1001",529757,103.9312209,1.346633999
"1002",529889,103.9494655,1.340825885
"1003",529898,103.9480706,1.340719488
"1004",530015,103.8920255,1.362916282
"1005",530106,103.8904836,1.354547713
"1006",530108,103.8897691,1.352681252
"1007",530112,103.887803,1.353652999
"1008",530118,103.887803,1.353652999
"1009",530144,103.8838023,1.352845383
"1010",530156,103.8804324,1.352473457
"1011",530208,103.8867122,1.358960838
"1012",530220,103.884354743098,1.35664435394087
"1013",530229,103.8871054,1.358113189
"1014",530235,103.8879577,1.357675485
"1015",530243,103.8915463,1.357512578
"1016",530253,103.8916917,1.359798107
"1017",530322,103.898161,1.366695127
"1018",530336,103.898853,1.369496587
"1019",530364,103.8972276,1.370107812
"1020",530376,103.8941133,1.363743381
"1021",530377,103.8947156,1.362651326
"1022",530413,103.8958176,1.374292663
"1023",530433,103.8940937,1.37542517
"1024",530436,103.894029,1.37784239
"1025",530454,103.894759316379,1.37879334341881
"1026",530470,103.901785147268,1.37866384738534
"1027",530473,103.9007208,1.376372318
"1028",530475,103.90068924136,1.37572084272882
"1029",530476,103.9038619,1.377867367
"1030",530524,103.8902947,1.373393367
"1031",530539,103.8913337,1.377331836
"1032",530551,103.8901131,1.378651048
"1033",530557,103.889755601478,1.38028262960107
"1034",530607,103.8860602,1.371379058
"1035",530618,103.8843751,1.369567772
"1036",530620,103.8843751,1.369567772
"1037",530626,103.8815031,1.369942472
"1038",530633,103.8793501,1.37127612
"1039",530644,103.882178293114,1.37266350712009
"1040",530661,103.8834179,1.374161037
"1041",530675,103.8843042,1.372113117
"1042",530683,103.886297641285,1.37434125261485
"1043",530688,103.88613,1.375903827
"1044",530689,103.88613,1.375903827
"1045",530698,103.886963,1.375857848
"1046",530701,103.8889637,1.366489723
"1047",530707,103.8889637,1.366489723
"1048",530711,103.8876039,1.366118548
"1049",530933,103.8824558,1.375529907
"1050",530980,103.8801175,1.379978213
"1051",530984,103.880647787738,1.38156100224904
"1052",530988,103.8776986,1.379974066
"1053",530993,103.8836581,1.385120689
"1054",530997,103.8807875,1.385422602
"1055",531159,103.879474,1.351758085
"1056",531166,103.888070508009,1.35082019071605
"1057",531172,103.8889979,1.350591594
"1058",531373,103.8900318,1.362299062
"1059",531465,103.8973645,1.372357665
"1060",531548,103.8911938,1.379004378
"1061",531566,103.8885596,1.380826996
"1062",531567,103.8885084,1.378973567
"1063",531574,103.886373932381,1.3777026962815
"1064",531576,103.8859114,1.378624283
"1065",531830,103.8907031,1.370871826
"1066",531838,103.8918395,1.369924451
"1067",531850,103.892969769849,1.36998074238664
"1068",531909,103.8835515,1.378304455
"1069",531919,103.8842441,1.375454194
"1070",531925,103.8832659,1.376775646
"1071",531931,103.8804913,1.376048072
"1072",531941,103.8790675,1.374190131
"1073",531955,103.8778632,1.375920928
"1074",531966,103.8778435,1.377881421
"1075",531971,103.880220120928,1.37801749594513
"1076",532002,103.8757993,1.349902687
"1077",533755,103.897003,1.345557062
"1078",534013,103.8896375,1.334345265
"1079",534046,103.902722,1.376081529
"1080",534106,103.8894987,1.334904262
"1081",535689,103.871951,1.346219848
"1082",536208,103.886329,1.3436973
"1083",536209,103.8852496,1.343316386
"1084",536672,103.8919486,1.336561553
"1085",536987,103.8847453,1.338481007
"1086",538692,103.8794835,1.375614641
"1087",538766,103.8937756,1.372494938
"1088",538776,103.8829319,1.375322538
"1089",539219,103.8905318,1.350345305
"1090",539220,103.8906239,1.350787936
"1091",539221,103.8912125,1.351176636
"1092",540119,103.9034401,1.384855972
"1093",540160,103.9077694,1.387144437
"1094",540164,103.907600114193,1.38927397380214
"1095",540172,103.911084,1.387119319
"1096",540180,103.9100471,1.389897716
"1097",540184,103.9083127,1.392055044
"1098",540185,103.906757692769,1.39371438377114
"1099",540200,103.8921644,1.387658346
"1100",540201,103.8923997,1.388331502
"1101",540203,103.8959008,1.387008719
"1102",540204,103.895389936708,1.38802257325323
"1103",540208,103.897977319845,1.38404661008889
"1104",540210,103.9001086,1.385327674
"1105",540212,103.9000398,1.386134754
"1106",540215,103.893051787254,1.39024434420592
"1107",540257,103.89795579644,1.39292097028495
"1108",540259,103.8965586,1.393514342
"1109",540260,103.895841288906,1.3937198420677
"1110",540261,103.8946894,1.39477668
"1111",540266,103.897095767036,1.38194789824095
"1112",540267,103.8970059,1.383647184
"1113",540269,103.8957422,1.384390987
"1114",540270,103.894244671663,1.38611189717361
"1115",540272,103.8938882,1.385141351
"1116",540273,103.894742212238,1.38429570318294
"1117",540275,103.8942424,1.383065387
"1118",540277,103.8941882,1.382077469
"1119",540279,103.8929152,1.386169718
"1120",540281,103.89149543536,1.38552359765027
"1121",540290,103.8971817,1.396468124
"1122",540291,103.8980614,1.396260592
"1123",540293,103.8952872,1.396338842
"1124",540295,103.8987382,1.39760052
"1125",540297,103.8998436,1.395193571
"1126",540299,103.901970849034,1.39668094964829
"1127",540301,103.8915411,1.388853429
"1128",540303,103.8906087,1.387448651
"1129",540304,103.8893331,1.387879205
"1130",540305,103.8877762,1.388727954
"1131",540306,103.888403398056,1.39044675592908
"1132",540308,103.8863803,1.389494371
"1133",540312,103.885111381814,1.39219919573459
"1134",540313,103.887374040903,1.39255847909319
"1135",540318,103.889997682213,1.39269752903105
"1136",540319,103.8904558,1.39051302
"1137",540321,103.891507801806,1.39020406555698
"1138",540323,103.8925612,1.393274849
"1139",540325,103.8914761,1.393612513
"1140",540326,103.888548,1.394869673
"1141",540329,103.8893371,1.396349847
"1142",540332,103.892357868446,1.39485243631415
"1143",540334,103.889857180532,1.39797033515332
"1144",540338,103.8897047,1.39915787
"1145",540351,103.8866211,1.393302608
"1146",540353,103.8856566,1.393103564
"1147",541102,103.9000621,1.382133018
"1148",541103,103.900658,1.38320148
"1149",541111,103.90090376595,1.38372970413515
"1150",541126,103.9021881,1.389833374
"1151",541133,103.904167469991,1.38841725970703
"1152",541142,103.9053373,1.389815036
"1153",541146,103.9059218,1.390814165
"1154",541156,103.906938482567,1.39166684156152
"1155",541195,103.9025659,1.393208224
"1156",541233,103.900937363796,1.38946732451962
"1157",541236,103.9001141,1.390283407
"1158",541241,103.898236,1.390264018
"1159",541248,103.8987068,1.392821391
"1160",541256,103.8995342,1.393603843
"1161",542277,103.8941882,1.382077469
"1162",543162,103.9090188,1.390842499
"1163",543190,103.9024282,1.394773253
"1164",543191,103.903870999602,1.39409515166436
"1165",544117,103.9031089,1.38283024
"1166",544124,103.9027451,1.387678488
"1167",544205,103.8974259,1.386044181
"1168",544226,103.899463483539,1.38840318112485
"1169",544228,103.9007436,1.38817411
"1170",544317,103.8862412,1.392860433
"1171",544572,103.8925741,1.383608691
"1172",544616,103.8920736,1.39848842
"1173",544835,103.8918341,1.396022388
"1174",544886,103.8930013,1.394299417
"1175",544998,103.8912323,1.381331048
"1176",545015,103.8926557,1.391539636
"1177",545078,103.8950705,1.392053142
"1178",545082,103.9044837,1.39250411
"1179",545121,103.9060947,1.386223373
"1180",545188,103.904551,1.39467897
"1181",545209,103.8979912,1.389069203
"1182",546122,103.905215411557,1.38722444847627
"1183",546776,103.8801253,1.366782345
"1184",548086,103.8801249,1.358094598
"1185",548192,103.8830965,1.360119849
"1186",550116,103.8722961,1.368739294
"1187",550212,103.8730891,1.357843857
"1188",550220,103.8730891,1.357843857
"1189",550246,103.8694101,1.352894926
"1190",550253,103.8708515,1.354039398
"1191",550263,103.8721288,1.354156732
"1192",550305,103.867719932116,1.35261889005698
"1193",550321,103.8677094,1.351714441
"1194",550333,103.8704641,1.350197483
"1195",550406,103.8727234,1.346310249
"1196",550409,103.874139816503,1.34896171117061
"1197",550419,103.875354556421,1.34950583183482
"1198",550425,103.8762489,1.348394753
"1199",550501,103.876252960217,1.3730991180086
"1200",550512,103.874889,1.371587551
"1201",550520,103.873671906954,1.37151197087876
"1202",551141,103.87445279978,1.36786212957891
"1203",551149,103.8732796,1.366987287
"1204",551238,103.8686104,1.353901343
"1205",551257,103.8723825,1.35520986
"1206",551410,103.8736233,1.348195706
"1207",551512,103.8751047,1.37087974
"1208",551542,103.871702903251,1.37350367177279
"1209",551546,103.870212,1.374047654
"1210",551550,103.870023,1.372540957
"1211",554500,103.8691035,1.375735611
"1212",554574,103.8680127,1.374752329
"1213",554915,103.867233,1.372532591
"1214",555944,103.8672595,1.363282088
"1215",556083,103.8722961,1.350769353
"1216",556741,103.8606983,1.352061961
"1217",560110,103.838320651541,1.37036305154677
"1218",560114,103.8354476,1.372770202
"1219",560120,103.8436999,1.370451119
"1220",560123,103.8436582,1.37185934
"1221",560157,103.8383868,1.374694711
"1222",560170,103.8364788,1.374355553
"1223",560174,103.8363987,1.375674922
"1224",560177,103.8386846,1.376202178
"1225",560206,103.8430464,1.366237056
"1226",560219,103.8411922,1.365691621
"1227",560226,103.8404443,1.367147692
"1228",560227,103.8403011,1.368741095
"1229",560230,103.8387593,1.368567887
"1230",560254,103.8346919,1.370021011
"1231",560260,103.834531023822,1.36888619793395
"1232",560340,103.849397652774,1.3647534118811
"1233",560405,103.8540722,1.361151022
"1234",560410,103.8545884,1.363963706
"1235",560414,103.8545884,1.363963706
"1236",560422,103.851667374102,1.36835647321903
"1237",560433,103.854081474114,1.36864639260533
"1238",560440,103.8552788,1.366407128
"1239",560446,103.8555566,1.368113068
"1240",560449,103.8555566,1.368113068
"1241",560455,103.8573035,1.368610719
"1242",560462,103.8578842,1.366826359
"1243",560476,103.8569821,1.362356151
"1244",560508,103.8493991,1.375217131
"1245",560510,103.8502957,1.372438633
"1246",560544,103.855913418751,1.37446449543798
"1247",560547,103.858139784101,1.37389622141273
"1248",560548,103.8576096,1.372522464
"1249",560558,103.859417207625,1.37102915896011
"1250",560559,103.8577971,1.371329606
"1251",560560,103.8592466,1.370558167
"1252",560574,103.8552305,1.370917693
"1253",560588,103.8533964,1.372178323
"1254",560590,103.8530982,1.37145702
"1255",560596,103.8513279,1.372328229
"1256",560605,103.8378049,1.379686324
"1257",560627,103.8419454,1.381641458
"1258",560631,103.840741896718,1.38000909369531
"1259",560642,103.8408247,1.378848189
"1260",560647,103.8438047,1.37865168
"1261",560704,103.8469225,1.370385433
"1262",560720,103.8469642,1.37201961
"1263",561323,103.847803809281,1.36751862800777
"1264",561347,103.8489133,1.367335466
"1265",561613,103.8388348,1.377977112
"1266",561712,103.846877308583,1.37086502270011
"1267",562104,103.838316,1.371859827
"1268",563309,103.8460886,1.364697733
"1269",563316,103.847653,1.364588291
"1270",565226,103.8404443,1.367147692
"1271",567226,103.8404175,1.366967611
"1272",567720,103.856412,1.377892049
"1273",567752,103.8483863,1.370304303
"1274",567760,103.8704265,1.378055963
"1275",567761,103.8706196,1.376929988
"1276",568047,103.8688624,1.376986797
"1277",568050,103.8688202,1.377993493
"1278",568428,103.8625288,1.352772094
"1279",569139,103.8447164,1.386540327
"1280",569141,103.8440381,1.387891289
"1281",569500,103.8646465,1.371677174
"1282",569503,103.8642606,1.372502602
"1283",569511,103.8659179,1.376583421
"1284",569628,103.8567265,1.360973503
"1285",569830,103.8480833,1.380340899
"1286",569839,103.84475,1.367799814
"1287",569866,103.8361717,1.378914273
"1288",569872,103.8659891,1.378042636
"1289",569897,103.8376124,1.373007502
"1290",569933,103.8487222,1.369236276
"1291",570112,103.8483778,1.346495537
"1292",570134,103.8518833,1.344748214
"1293",570163,103.8561828,1.347170262
"1294",570186,103.8530414,1.349779455
"1295",570282,103.8444208,1.358007941
"1296",570514,103.8497629,1.350095907
"1297",571022,103.8390335,1.357327528
"1298",571135,103.8515276,1.344885541
"1299",571152,103.8548382,1.345162758
"1300",571167,103.8554317,1.347059123
"1301",571263,103.8419713,1.359196402
"1302",571268,103.8426402,1.357311178
"1303",571290,103.8445481,1.355561781
"1304",571448,103.8316301,1.357830822
"1305",573943,103.8413266,1.347541245
"1306",574326,103.8383378,1.348028354
"1307",574623,103.8377744,1.341498975
"1308",575583,103.835747,1.352482303
"1309",575626,103.8403577,1.359362931
"1310",575654,103.8409199,1.357437937
"1311",575721,103.839928,1.360901899
"1312",575722,103.8387078,1.359486154
"1313",575728,103.8289744,1.360990605
"1314",575733,103.8409172,1.359946338
"1315",576151,103.8428947,1.351887304
"1316",577176,103.8406321,1.349382827
"1317",577177,103.8409075,1.348843363
"1318",577200,103.8411148,1.350192829
"1319",577203,103.8416538,1.350928249
"1320",578774,103.8190674,1.359342311
"1321",579700,103.8587218,1.344468384
"1322",579701,103.8604283,1.341039873
"1323",579713,103.845619,1.343413165
"1324",579837,103.8487605,1.350481253
"1325",588166,103.7768117,1.338632003
"1326",588179,103.7760314,1.343164753
"1327",588406,103.7809602,1.346519182
"1328",589320,103.775864,1.347342118
"1329",589474,103.7796797,1.33856345
"1330",590005,103.7751097,1.338162822
"1331",590011,103.773653,1.338476281
"1332",590021,103.7719712,1.33846289
"1333",596152,103.7695439,1.344043373
"1334",596305,103.7654156,1.35198927
"1335",597092,103.7662984,1.324029572
"1336",597657,103.7587948,1.334149443
"1337",598332,103.7793166,1.336973992
"1338",599489,103.7769767,1.33351616
"1339",599491,103.7761858,1.329137017
"1340",600024,103.7376345,1.323312993
"1341",600041,103.7410927,1.321825138
"1342",600052,103.7376019,1.321574297
"1343",600061,103.7382945,1.322145019
"1344",600102,103.7380983,1.336429723
"1345",600114,103.7354848,1.339494837
"1346",600116,103.7354848,1.339494837
"1347",600132,103.739656,1.334203083
"1348",600209,103.7388514,1.3390681
"1349",600221,103.7380331,1.341543873
"1350",600230,103.7380331,1.341543873
"1351",600232,103.741574,1.340430194
"1352",600244,103.74200092092,1.34212243516899
"1353",600252,103.7382335,1.343062176
"1354",600257,103.739079815316,1.34409384006792
"1355",600261,103.7414179,1.344041811
"1356",600274,103.7467103,1.342098328
"1357",600303,103.7356433,1.344401082
"1358",600307,103.7348451,1.346890757
"1359",600309,103.733956631501,1.34792579202609
"1360",600332,103.7301985,1.351320352
"1361",600351,103.7305968,1.34492186
"1362",600354,103.7318524,1.344473346
"1363",600406,103.7491754,1.319353618
"1364",600409,103.747384,1.318821467
"1365",600414,103.7471648,1.319882381
"1366",600416,103.7483559,1.321204214
"1367",601022,103.7393284,1.323261328
"1368",601057,103.7372518,1.322522222
"1369",601063,103.738914,1.321172682
"1370",601267,103.7449583,1.341518565
"1371",601273,103.7459464,1.342401344
"1372",601282,103.7470869,1.340100301
"1373",601372,103.732133239179,1.34901919084561
"1374",603240,103.7424265,1.34064698
"1375",605285,103.7468564,1.337557765
"1376",605286,103.7451402,1.339241046
"1377",606288,103.7431661,1.339692264
"1378",608521,103.7448817,1.331865055
"1379",608532,103.7427665,1.334157676
"1380",608549,103.7433594,1.333328193
"1381",608586,103.7543622,1.336773733
"1382",608609,103.7546832,1.337645199
"1383",608829,103.7517217,1.3382704
"1384",608830,103.7509649,1.339274717
"1385",608832,103.7494291,1.339280997
"1386",609081,103.7356956,1.332671723
"1387",609134,103.7317339,1.313052343
"1388",609136,103.733697,1.310811303
"1389",609162,103.7301367,1.306049831
"1390",609216,103.7298422,1.310486232
"1391",609286,103.7467119,1.301219898
"1392",609341,103.7504078,1.32069016
"1393",609434,103.7420361,1.331142359
"1394",609601,103.7468771,1.334917588
"1395",609606,103.7438655,1.335533826
"1396",609916,103.7463772,1.325199517
"1397",609921,103.7461733,1.329105404
"1398",609927,103.7483555,1.327024824
"1399",609933,103.7479504,1.327837989
"1400",609935,103.7492534,1.327114139
"1401",609937,103.7509864,1.323357598
"1402",609957,103.750291,1.330073436
"1403",609961,103.7486227,1.330862223
"1404",610140,103.7233976,1.326821061
"1405",610150,103.7223494,1.327225464
"1406",610152,103.7210662,1.327197432
"1407",610164,103.721498,1.330392279
"1408",610175,103.7217797,1.332313569
"1409",610331,103.7228702,1.33859457
"1410",610337,103.722528311224,1.33828253386359
"1411",610364,103.7204589,1.337119757
"1412",611115,103.7245394,1.334028569
"1413",611121,103.72452979382,1.33620785548237
"1414",611163,103.7222392,1.330101424
"1415",611183,103.722484,1.332900639
"1416",611328,103.7232498,1.337109414
"1417",611346,103.720183,1.340049501
"1418",618305,103.7100401,1.324948773
"1419",618494,103.7202283,1.324533415
"1420",618497,103.7222212,1.334413429
"1421",618661,103.7275614,1.333895724
"1422",619115,103.7201517,1.311976252
"1423",619487,103.7149069,1.314796751
"1424",619978,103.7204561,1.329486391
"1425",627590,103.6792444,1.28211671
"1426",627605,103.697538,1.332730774
"1427",628499,103.6874489,1.312445429
"1428",628561,103.6951867,1.313911016
"1429",629068,103.6688737,1.3281413
"1430",629590,103.6637122,1.318087913
"1431",629621,103.678646,1.319700433
"1432",629906,103.6810341,1.326804765
"1433",630991,103.6924425,1.335680664
"1434",636737,103.691587,1.353338446
"1435",636741,103.691587,1.353338446
"1436",636957,103.6882429,1.353819993
"1437",637048,103.6204033,1.276605298
"1438",637141,103.6923795,1.355398282
"1439",637143,103.6934474,1.355230533
"1440",637369,103.6238669,1.289545408
"1441",637370,103.6265246,1.289094626
"1442",637459,103.6797237,1.345309123
"1443",638366,103.6828416,1.329425336
"1444",638404,103.6351707,1.341514114
"1445",638583,103.638116,1.333011531
"1446",638892,103.6392764,1.320868404
"1447",639037,103.6460707,1.334139314
"1448",639038,103.6459162,1.334904689
"1449",639499,103.6609528,1.321481664
"1450",639532,103.6587841,1.325633551
"1451",639577,103.6536241,1.317931372
"1452",639798,103.6809826,1.345131308
"1453",639810,103.6864623,1.354293343
"1454",639816,103.6825383,1.34399794
"1455",640179,103.7092346,1.346874708
"1456",640180,103.7081753,1.348098254
"1457",640183,103.7093738,1.349256843
"1458",640187,103.71071997503,1.34587087048676
"1459",640188,103.7114251,1.343761841
"1460",640191,103.7114251,1.343761841
"1461",640196,103.7137499,1.342543506
"1462",640202,103.715035197633,1.34469258752037
"1463",640216,103.7115798,1.349560589
"1464",640268,103.7077407,1.347871241
"1465",640271,103.7038848,1.350499126
"1466",640276,103.7037874,1.353562688
"1467",640420,103.7267264,1.35074095
"1468",640425,103.7247228,1.351460757
"1469",640460,103.7213475,1.350157499
"1470",640489,103.7267854,1.348985181
"1471",640493,103.7245099,1.349926571
"1472",640499,103.7252129,1.348417852
"1473",640504,103.7190584,1.349754137
"1474",640514,103.7200857,1.347067663
"1475",640520,103.717879866612,1.34577448968529
"1476",640521,103.7166694,1.346887336
"1477",640527,103.716498132161,1.34757662092961
"1478",640528,103.71691832637,1.34862616117527
"1479",640536,103.715502,1.348814065
"1480",640538,103.7158018,1.351295962
"1481",640553,103.7189495,1.353455799
"1482",640560,103.719676,1.353782582
"1483",640650,103.696817871457,1.33865921209034
"1484",640651,103.6971779,1.337074567
"1485",640655,103.6980598,1.335287484
"1486",640657,103.7009565,1.335377086
"1487",640659,103.702123,1.337215564
"1488",640660,103.7040861,1.335313825
"1489",640663,103.701765028407,1.33921385729785
"1490",640664,103.7031426,1.339485124
"1491",640667,103.7015026,1.341344251
"1492",640669,103.7030065,1.342485928
"1493",640673,103.700628182367,1.34430368003993
"1494",640674,103.7025917,1.344748542
"1495",640675,103.7031337,1.345572547
"1496",640676,103.7045845,1.346304767
"1497",640679,103.7060894,1.344594679
"1498",640686,103.704149,1.34179679
"1499",640697,103.7080809,1.341599934
"1500",640713,103.696112293441,1.34266458406925
"1501",640902,103.6866098,1.339116457
"1502",640903,103.6854076,1.340889782
"1503",640909,103.6864428,1.341779263
"1504",640916,103.6884249,1.34007678
"1505",640960,103.6911289,1.341298039
"1506",640967,103.6933459,1.341344133
"1507",640975,103.6936407,1.339687397
"1508",640986,103.6945045,1.337005064
"1509",640990,103.6956878,1.335327222
"1510",641208,103.7144238,1.346549556
"1511",641212,103.713345663581,1.34877728099847
"1512",641617,103.7000824,1.340888829
"1513",641624,103.6984364,1.341120971
"1514",641629,103.6995293,1.342996628
"1515",641635,103.6987696,1.342400674
"1516",641638,103.6975824,1.342013107
"1517",641640,103.696043,1.339733303
"1518",641691,103.7059008,1.342375345
"1519",641692,103.707206189343,1.34167926764919
"1520",641702,103.6951233,1.341565855
"1521",641734,103.7009695,1.345547343
"1522",641760,103.7001773,1.34959145906928
"1523",641764,103.6990901,1.349962272
"1524",641832,103.6945292,1.344304412
"1525",641844,103.6924501,1.345850008
"1526",641854,103.6964786,1.347724683
"1527",641859,103.696234875051,1.34997718954676
"1528",641865,103.6950644,1.350220653
"1529",642712,103.6968539,1.34284512
"1530",648151,103.6968814,1.352171066
"1531",648332,103.7059879,1.339330294
"1532",648886,103.706685,1.339452004
"1533",649519,103.714751,1.349703018
"1534",649674,103.7115828,1.353605397
"1535",649848,103.7064094,1.334888732
"1536",649884,103.7119385,1.347379343
"1537",649960,103.7077882,1.343959836
"1538",650102,103.7469815,1.348389703
"1539",650113,103.7463093,1.349872484
"1540",650135,103.7443516,1.351391957
"1541",650137,103.744677881792,1.35013724128289
"1542",650160,103.7420927,1.348707664
"1543",650168,103.7418946,1.347161979
"1544",650170,103.7412038,1.345871979
"1545",650194,103.745017,1.344607696
"1546",650238,103.7554363,1.3488837
"1547",650242,103.756805573197,1.35009596559791
"1548",650263,103.7587334,1.351089412
"1549",650292,103.7553695,1.344443291
"1550",650293,103.7553518,1.346002442
"1551",650296,103.7467268,1.343601205
"1552",650307,103.7485836,1.357355414
"1553",650319,103.7465146,1.360764333
"1554",650333,103.7476453,1.36390798
"1555",650346,103.75001,1.363105248
"1556",650376,103.7495799,1.358317052
"1557",650407,103.7455653,1.363021193
"1558",650432,103.742322887785,1.3605269508052
"1559",650436,103.7396215,1.358702587
"1560",650439,103.7399722,1.357396044
"1561",650440,103.7392812,1.355666012
"1562",650443,103.73733078866,1.35614620485942
"1563",650445,103.7382456,1.350833759
"1564",650451,103.7440085,1.353039223
"1565",650453,103.7420666,1.351629181
"1566",650460,103.739759,1.353941523
"1567",650461,103.739718231105,1.35457867310759
"1568",650463,103.741422637355,1.35681417090854
"1569",650467,103.743466,1.357085286
"1570",650506,103.7537032,1.351733686
"1571",650534,103.7510736,1.356913403
"1572",650537,103.751307,1.354978239
"1573",650539,103.7508851,1.354765183
"1574",651154,103.7436955,1.347355328
"1575",651188,103.7453823,1.346436654
"1576",651241,103.7552535,1.350778258
"1577",651395,103.7517718,1.365830635
"1578",651404,103.7459369,1.365083114
"1579",651412,103.7464839,1.364844192
"1580",653113,103.7453369,1.349300079
"1581",655291,103.7550523,1.342859652
"1582",657288,103.760179,1.345550698
"1583",657289,103.7599178,1.344506283
"1584",657290,103.7579336,1.343242885
"1585",657993,103.7415943,1.35582937
"1586",658713,103.7491239,1.350375416
"1587",659166,103.7384331,1.350227426
"1588",659206,103.7493759,1.352619624
"1589",659480,103.7543794,1.342143305
"1590",659554,103.7532592,1.34394552
"1591",659583,103.7506919,1.344597155
"1592",659760,103.7648885,1.347626724
"1593",659879,103.7583551,1.34322449
"1594",659920,103.7593549,1.352137547
"1595",669569,103.7630848,1.35699659
"1596",669619,103.7591357,1.357149972
"1597",669743,103.7633923,1.359921524
"1598",670140,103.769323,1.37395668
"1599",670206,103.7735958,1.374699731
"1600",670226,103.7722579,1.375531377
"1601",670276,103.7747788,1.377003622
"1602",670407,103.7681115,1.38096997
"1603",670417,103.768383898129,1.38403375882411
"1604",670425,103.7697817,1.38605794718116
"1605",670443,103.7702911,1.381315511
"1606",670547,103.769519,1.388321004
"1607",670548,103.767831283588,1.38899731854416
"1608",670632,103.758761377061,1.38470415715602
"1609",670634,103.7577026,1.386248576
"1610",670636,103.7579829,1.387349956
"1611",670638,103.760872042789,1.38887784578509
"1612",670642,103.761917,1.387001705
"1613",670643,103.763072792808,1.3878519593287
"1614",670646,103.763770231743,1.38954791028499
"1615",671152,103.7654545,1.37551205
"1616",671163,103.7642864,1.376921278
"1617",671170,103.765546,1.378924834
"1618",671180,103.7650088,1.378687961
"1619",671181,103.7634643,1.379398409
"1620",671185,103.7626379,1.379113361
"1621",671234,103.7720111,1.379119502
"1622",671422,103.7699702,1.385381725
"1623",671449,103.7727052,1.383796881
"1624",671455,103.7712726,1.38752443
"1625",671476,103.7735001,1.389047809
"1626",671480,103.771932069885,1.38980280764188
"1627",671488,103.771264158423,1.38986508354378
"1628",671505,103.7676831,1.384938092
"1629",671518,103.7669356,1.386563986
"1630",671529,103.764684875435,1.38543210205035
"1631",671533,103.7634266,1.385136691
"1632",671537,103.7628600693,1.38423179772351
"1633",671541,103.7629016,1.382825788
"1634",671603,103.761677612649,1.38172044598217
"1635",671651,103.764603,1.38718579
"1636",677632,103.761084,1.387194004
"1637",677743,103.7643572,1.379920452
"1638",678133,103.7632988,1.372926304
"1639",680004,103.75309846721,1.38207251085638
"1640",680008,103.754505,1.380330069
"1641",680020,103.7544749,1.378749975
"1642",680025,103.7551592,1.377688149
"1643",680110,103.754505,1.380330069
"1644",680113,103.7513717,1.379252781
"1645",680118,103.7506473,1.379871028
"1646",680153,103.75862147579,1.3790484537959
"1647",680161,103.7581869,1.38009336
"1648",680165,103.7539445,1.382920778
"1649",680205,103.7471057,1.382086079
"1650",680291,103.74091199128,1.37842620970632
"1651",680429,103.7401337,1.383382965
"1652",680476,103.7381465,1.376933257
"1653",680536,103.744035897855,1.39201946089182
"1654",680637,103.748139,1.397379525
"1655",680683,103.7458738,1.404294434
"1656",680686,103.748917565864,1.40408942
"1657",680687,103.7498899,1.403839486
"1658",680689,103.750884316164,1.40286350152128
"1659",680692,103.75130299875,1.39976283413898
"1660",680787,103.7476994,1.39523945
"1661",680801,103.7434128,1.375282919
"1662",680809,103.7445342,1.374982441
"1663",680817,103.749399425536,1.37698774822612
"1664",680819,103.749711852971,1.37512371011759
"1665",681118,103.7499803,1.37949253
"1666",681135,103.7519605,1.380282259
"1667",681146,103.7531369,1.381035392
"1668",681154,103.757533,1.379154477
"1669",681158,103.756576724386,1.37963665953809
"1670",681160,103.7573167,1.380388916
"1671",681227,103.7454349,1.380504753
"1672",681251,103.7449384,1.378750233
"1673",681253,103.743962690334,1.37739477503584
"1674",681297,103.742038134687,1.37681191740049
"1675",681343,103.745943,1.383843877
"1676",681429,103.7408248,1.383596356
"1677",681445,103.736641530642,1.38118741809314
"1678",681450,103.7356957,1.379310301
"1679",681474,103.7379297,1.378637946
"1680",681483,103.7370709,1.37597356
"1681",681486,103.7383621,1.375049975
"1682",681502,103.7429514,1.388697686
"1683",681511,103.741097048423,1.38857724580347
"1684",681527,103.7410873,1.392285902
"1685",681559,103.744277802494,1.39614725324911
"1686",681567,103.7461474,1.395380762
"1687",681573,103.745559052144,1.39402058807221
"1688",681604,103.7451677,1.397402234
"1689",681611,103.7437464,1.400428584
"1690",681621,103.7475905,1.399644037
"1691",681661,103.7502364,1.40065903
"1692",681668,103.7501863,1.401554388
"1693",681669,103.7483237,1.402239354
"1694",681675,103.746670713406,1.40119604658902
"1695",681678,103.7448791,1.40188001
"1696",681708,103.746457009456,1.39095741996976
"1697",681754,103.7467304,1.392769042
"1698",681771,103.7499668,1.394517941
"1699",681792,103.7495321,1.39526631
"1700",681810,103.7463042,1.374546441
"1701",682297,103.7432966,1.377365192
"1702",689527,103.7488067,1.39931152
"1703",689580,103.7467399,1.396842721
"1704",689687,103.7449494,1.384095872
"1705",689717,103.7464818,1.385605526
"1706",689812,103.7450118,1.384974597
"1707",689964,103.7472341,1.388578984
"1708",718828,103.7285541,1.424269284
"1709",729227,103.7503795,1.411493536
"1710",729238,103.7466899,1.412944458
"1711",729577,103.7460157,1.412863865
"1712",729825,103.7806535,1.408877046
"1713",729826,103.7895772,1.402903569
"1714",729908,103.759759,1.408602535
"1715",730025,103.7727115,1.442266714
"1716",730181,103.7792968,1.43965387
"1717",730182,103.7759983,1.435158652
"1718",730185,103.7764728,1.436268069
"1719",730187,103.7749076,1.43742607
"1720",730541,103.7922404,1.428704451
"1721",730570,103.7900316,1.43090381
"1722",730574,103.798443591821,1.43058908570535
"1723",730681,103.8035033,1.439597422
"1724",730685,103.805530270409,1.44076232029864
"1725",730686,103.8057857,1.442544327
"1726",730687,103.806616629934,1.44120480685176
"1727",730688,103.807538591277,1.4439746500165
"1728",730689,103.808859302818,1.44466730324452
"1729",730690,103.8084785,1.442935758
"1730",730691,103.8062113,1.440609498
"1731",730693,103.8037003,1.438092403
"1732",730694,103.80501825982,1.43804226577696
"1733",730780,103.8011012,1.448235185
"1734",730781,103.8031032,1.44890463
"1735",730782,103.803571681533,1.44820517785038
"1736",730783,103.804121132022,1.44781884183436
"1737",730785,103.8049956,1.4470667
"1738",730799,103.799903435718,1.44646066522201
"1739",730847,103.7920159,1.441596281
"1740",730849,103.7920159,1.441596281
"1741",730853,103.7933217,1.440010789
"1742",730889,103.7936206,1.438012456
"1743",730900,103.7866138,1.434901737
"1744",731007,103.7759835,1.441558533
"1745",731029,103.7728566,1.442724074
"1746",731358,103.7839472,1.433216702
"1747",731371,103.7864126,1.432852764
"1748",731413,103.7722639,1.427989855
"1749",731421,103.7751618,1.427981404
"1750",731426,103.7736755,1.426657099
"1751",731505,103.7916046,1.43213756
"1752",731519,103.792345356016,1.43457083734895
"1753",731521,103.7936134,1.433938025
"1754",731523,103.7939036,1.432929548
"1755",731527,103.7925562,1.431970592
"1756",731536,103.7915236,1.431139153
"1757",731546,103.793409116052,1.4297478943267
"1758",731549,103.794934493561,1.4323004696114
"1759",731578,103.7966918,1.431363794
"1760",731586,103.7947001,1.429176383
"1761",731605,103.7971004,1.437984297
"1762",731608,103.7971576,1.436109018
"1763",731614,103.795916,1.434835421
"1764",731622,103.7991014,1.434097578
"1765",731626,103.8001143,1.434106043
"1766",731630,103.801164504502,1.43510594557269
"1767",731639,103.802591624688,1.43778289887642
"1768",731644,103.801149557163,1.43736183702301
"1769",731649,103.8002309,1.438539715
"1770",731661,103.798554331589,1.43584277989254
"1771",731667,103.797917666645,1.43889105052846
"1772",731671,103.7992866,1.439484953
"1773",731701,103.7959794,1.441136623
"1774",731709,103.7979976,1.441096039
"1775",731714,103.799065423016,1.44150221813373
"1776",731718,103.8005222,1.441422538
"1777",731721,103.799803321204,1.4447277856227
"1778",731728,103.7989885,1.443186522
"1779",731737,103.7963535,1.443215598
"1780",731747,103.795579,1.443304602
"1781",731748,103.7951017,1.444918126
"1782",731757,103.793898461441,1.44606060623527
"1783",731759,103.796026209299,1.44659302946083
"1784",731766,103.7973359,1.445746025
"1785",731773,103.7984808,1.447731111
"1786",731788,103.8017806,1.444172955
"1787",731823,103.7894865,1.441398372
"1788",731824,103.789075079434,1.43941887883024
"1789",731846,103.793694754772,1.44292561849275
"1790",731859,103.7945291,1.439804803
"1791",731866,103.7926353,1.442289975
"1792",731881,103.791433316799,1.4444941527407
"1793",732002,103.7763476,1.440182567
"1794",732892,103.7894508,1.436782135
"1795",733895,103.7922524,1.436050162
"1796",737628,103.7947438,1.424681383
"1797",737656,103.7546245,1.430554384
"1798",737853,103.8029106,1.434940119
"1799",737854,103.8047605,1.435023656
"1800",737856,103.8071192,1.438091432
"1801",737859,103.7991881,1.428389368
"1802",737869,103.7523468,1.43087517
"1803",737903,103.7868775,1.444865051
"1804",738081,103.8060257,1.444875696
"1805",738093,103.8055659,1.444528726
"1806",738099,103.7859815,1.436070065
"1807",738100,103.8091183,1.446991992
"1808",739256,103.7835677,1.440685885
"1809",739375,103.7986616,1.432692157
"1810",739984,103.7764623,1.445399205
"1811",750102,103.8320894,1.451827412
"1812",750106,103.832738663608,1.44914982397145
"1813",750109,103.8297477,1.448595127
"1814",750115,103.828703240724,1.44607196944251
"1815",750117,103.8299162,1.445069045
"1816",750120,103.831601774495,1.44571656944981
"1817",750121,103.8339823,1.447434316
"1818",750126,103.834356547941,1.44598805986348
"1819",750129,103.8326927,1.444643047
"1820",750132,103.830758912435,1.44338487754949
"1821",750339,103.817310367804,1.44828242080203
"1822",750361,103.8137526,1.446182983
"1823",750365,103.8162581,1.444366166
"1824",750463,103.8145232,1.455526679
"1825",750466,103.8135398,1.455468086
"1826",750467,103.814235639787,1.45178128558997
"1827",750469,103.81370144291,1.44893112120316
"1828",750501,103.821357666373,1.45159164275342
"1829",750504,103.82369,1.450908114
"1830",750508,103.8200839,1.453031035
"1831",750591,103.826313864785,1.45036687225442
"1832",750592,103.827432868251,1.45121389794192
"1833",751306,103.8225551,1.445341201
"1834",751313,103.821273164723,1.44407970744667
"1835",751322,103.818197,1.446119845
"1836",751330,103.8172263,1.447111977
"1837",751335,103.815488360564,1.44767043418107
"1838",751336,103.8150066,1.446628684
"1839",751358,103.8166936,1.448927181
"1840",751404,103.8164255,1.454352382
"1841",751406,103.8174323,1.452397318
"1842",751424,103.8190629,1.453165066
"1843",751476,103.816661948149,1.4517759781995
"1844",751481,103.8153929,1.452495987
"1845",751482,103.815638409525,1.45486333925637
"1846",751484,103.815224,1.456465018
"1847",751492,103.817396471677,1.4566224164763
"1848",751591,103.826313864785,1.45036687225442
"1849",752306,103.822057279141,1.44648028701205
"1850",757041,103.8133484,1.444252103
"1851",757322,103.7910952,1.451325057
"1852",757445,103.779366016388,1.45172354667037
"1853",757695,103.8124519,1.462371181
"1854",757716,103.8000193,1.455767642
"1855",758096,103.8049089,1.459268937
"1856",758137,103.8018194,1.462800836
"1857",758297,103.8112552,1.464311687
"1858",758352,103.8159729,1.416941992
"1859",760115,103.8288865,1.434711422
"1860",760132,103.8302091,1.432447233
"1861",760137,103.8302091,1.432447233
"1862",760155,103.8341941,1.432523042
"1863",760165,103.8324715,1.436796743
"1864",760212,103.8378649,1.431214896
"1865",760220,103.8356612,1.43267364
"1866",760235,103.8368143,1.434648154
"1867",760265,103.8381575,1.437760383
"1868",760307,103.8408848,1.430750309
"1869",760315,103.842022571324,1.43266882113675
"1870",760317,103.8422883,1.433764998
"1871",760333,103.8450257,1.431646213
"1872",760334,103.8451325,1.432488132
"1873",760342,103.8444469,1.430248913
"1874",760347,103.8426298,1.427502625
"1875",760367,103.8455513,1.429107129
"1876",760382,103.8468486,1.430906181
"1877",760429,103.8491759,1.422273747
"1878",760431,103.847588241365,1.42008794650537
"1879",760439,103.8470655,1.421503052
"1880",760441,103.845569186953,1.42274315056858
"1881",760461,103.8499439,1.4284477
"1882",760465,103.8500019,1.426483788
"1883",760468,103.8517315,1.424740359
"1884",760470,103.8527964,1.426226412
"1885",760476,103.853037,1.428079928
"1886",760478,103.8507116,1.42938557
"1887",760501,103.8408818,1.416522672
"1888",760504,103.8445959,1.418396497
"1889",760506,103.8403518,1.414859821
"1890",760512,103.8412471,1.414786364
"1891",760513,103.8440808,1.416015126
"1892",760646,103.837178253471,1.42211168892262
"1893",760665,103.8405267,1.420049982
"1894",760671,103.841562940801,1.41913520963916
"1895",760673,103.8416902,1.419627737
"1896",760674,103.8430835,1.420176401
"1897",760676,103.8417696,1.421663903
"1898",760749,103.8340126,1.427830914
"1899",760769,103.8332823,1.423842758
"1900",760781,103.8320796,1.421593416
"1901",760809,103.8310085,1.416694062
"1902",760813,103.832653046118,1.41771289497017
"1903",760828,103.8336235,1.414209709
"1904",760853,103.8367409,1.416664368
"1905",760864,103.838599330168,1.41748547950358
"1906",760925,103.8370354,1.427311894
"1907",761101,103.8280357,1.430844543
"1908",761115,103.8274698,1.433544682
"1909",761456,103.8449203,1.420310438
"1910",761840,103.8343715,1.415445285
"1911",767990,103.8454447,1.417185322
"1912",768019,103.8361777,1.42790289
"1913",768024,103.8372422,1.423767457
"1914",768090,103.843663,1.436682037
"1915",768441,103.8417035,1.438714554
"1916",768642,103.8330112,1.430802057
"1917",768690,103.8299891,1.429644881
"1918",768698,103.8412688,1.417952885
"1919",768828,103.8384081,1.423864587
"1920",769027,103.8409018,1.424298425
"1921",769098,103.8357765,1.429698486
"1922",769141,103.8480115,1.420313226
"1923",769162,103.8473342,1.415590703
"1924",786568,103.8327574,1.398921042
"1925",787601,103.8281693,1.385101974
"1926",790400,103.8704525,1.390303698
"1927",790402,103.8712182,1.388324951
"1928",790404,103.87326,1.387759583
"1929",790406,103.8748371,1.388177538
"1930",790408,103.8767195,1.388882781
"1931",790410,103.8765328,1.39031568
"1932",790413,103.878212,1.38944472
"1933",790414,103.8800828,1.389648983
"1934",790417,103.8798987,1.391571987
"1935",790430,103.8781373,1.394240249
"1936",790437,103.876334,1.392506225
"1937",790440,103.878250935839,1.39291336961714
"1938",790441,103.875111,1.391610102
"1939",790443,103.8740703,1.391683899
"1940",790446,103.8732758,1.392027527
"1941",790448,103.873122,1.393152022
"1942",790450,103.8734051,1.394189407
"1943",790451,103.8741039,1.394021103
"1944",790455,103.8712439,1.391814746
"1945",790457,103.8697245,1.392490623
"1946",790460,103.8696236,1.394208531
"1947",790462,103.8714493,1.394061207
"1948",790468,103.8785555,1.397091385
"1949",790470,103.8794197,1.39697228
"1950",790472,103.881715,1.396868341
"1951",797523,103.8639316,1.419975516
"1952",797649,103.8641203,1.420341376
"1953",797653,103.8762132,1.391315491
"1954",798990,103.8652287,1.392498069
"1955",799487,103.8729802,1.398870248
"1956",805908,103.8770665,1.383562133
"1957",819663,103.9866106,1.356086083
"1958",819666,103.9890776,1.360341007
"1959",820101,103.9057745,1.398456837
"1960",820105,103.905622898827,1.3972271617557
"1961",820107,103.907641896307,1.396877554713
"1962",820109,103.9094623,1.39536857
"1963",820119,103.9064702,1.395427967
"1964",820121,103.90836953102,1.39358329221585
"1965",820126,103.910913906771,1.39422844623806
"1966",820128,103.9125375,1.392923918
"1967",820162,103.914316515023,1.39609284747614
"1968",820166,103.9154658,1.394970785
"1969",820169,103.9145002,1.39362938
"1970",820171,103.912585,1.394862519
"1971",820172,103.9117777,1.395519826
"1972",820175,103.9086506,1.398114413
"1973",820180,103.909368325891,1.39860885740818
"1974",820194,103.906516042332,1.40200920367078
"1975",820196,103.907023725835,1.39933685469177
"1976",820199,103.9060288,1.400104619
"1977",820201,103.903688630106,1.39976689659986
"1978",820204,103.9030729,1.398463141
"1979",820207,103.900916328431,1.40062697761417
"1980",820213,103.8986492,1.400027896
"1981",820222,103.8942788,1.401100942
"1982",820226,103.893240517707,1.40300077392681
"1983",820228,103.892024406095,1.4032946064345
"1984",820233,103.891603,1.401260265
"1985",820256,103.895528431952,1.40553392641685
"1986",820259,103.8953443,1.404506226
"1987",820261,103.8968416,1.405404806
"1988",820266,103.898175261823,1.40529864532924
"1989",820267,103.897952803458,1.4040002035818
"1990",820270,103.8991503,1.403721064
"1991",820271,103.900383766483,1.40300511790679
"1992",820273,103.9019427,1.402651088
"1993",820288,103.9030958,1.401714399
"1994",820292,103.905049450072,1.40239687754578
"1995",820301,103.906198,1.403678583
"1996",820302,103.904606666241,1.40484725001724
"1997",820322,103.8975049,1.411220046
"1998",820325,103.898751428957,1.41344990691153
"1999",820326,103.8993283,1.413300796
"2000",820402,103.9003487,1.414444663
"2001",820407,103.902107754044,1.41678565911812
"2002",820411,103.9058503,1.417954376
"2003",820419,103.9021135,1.418511584
"2004",820602,103.9072935,1.403119329
"2005",820603,103.907982473241,1.40386228061003
"2006",820612,103.9086339,1.404599231
"2007",820614,103.909657140047,1.40323491375439
"2008",820616,103.911697256631,1.40212642399456
"2009",820624,103.9116298,1.400259432
"2010",820633,103.913265967366,1.40053884701366
"2011",820644,103.915911247993,1.39773989829187
"2012",820650,103.9153032,1.397283842
"2013",820653,103.9204417,1.397824606
"2014",820655,103.9212633,1.399086572
"2015",820659,103.919552,1.401012311
"2016",820661,103.9176146,1.40253476
"2017",820663,103.9167907,1.399914839
"2018",820665,103.9146872,1.401920865
"2019",820670,103.9132581,1.405822999
"2020",820672,103.9117299,1.407069979
"2021",820676,103.9102142,1.405292842
"2022",820681,103.9132151,1.402780157
"2023",820682,103.9157715,1.404002824
"2024",821206,103.9013288,1.398856557
"2025",821413,103.9002716,1.416972168
"2026",821421,103.9044827,1.41979221
"2027",821621,103.9098907,1.401255387
"2028",823423,103.9059009,1.419437536
"2029",824170,103.914093841679,1.39435394473751
"2030",828654,103.9060722,1.410194888
"2031",828670,103.8989821,1.415102598
"2032",828746,103.9121653,1.390928566
"2033",828761,103.9021057,1.406484621
"2034",828805,103.9010196,1.410364472
"2035",829169,103.9066432,1.40456503
"2036",829909,103.9090681,1.415822282
